Frank Hinkel, frank.hinkel@innoq.com, recipient@mail.com, Subject1, Body-Text Text Text Text
SenderB, sender@adress.com, recipienB@mail.com, SubjectB, Body-Text BBBBBBBBB
SenderA, sender@adress.com, recipienB@mail.com, SubjectB, Body-Text AAA
1, 2, 3, 4, 5
1, 2, 3, 4, 5
1, 2, 3, 4, 5
1, 2, 3, 4, 5
1, 2, 3, 4, 5
1, 2, 3, 4, 5
1, 2, 3, 4, 5
1, 2, 3, 4, 5
Frank Hinkel, frank.hinkel@innoq.com, recipient@mail.com, Subject1, Body-Text Text Text Text
Frank Hinkel, frank.hinkel@innoq.com, recipient@mail.com, Subject1, Body-Text Text Text Text
Frank Hinkel, frank.hinkel@innoq.com, recipient@mail.com, Subject1, Body-Text Text Text Text
Frank Hinkel, frank.hinkel@innoq.com, recipient@mail.com, Subject1, Body-Text Text Text Text
SenderB, sender@adress.com, recipienB@mail.com, SubjectB, Body-Text BBBBBBBBB
SenderA, sender@adress.com, recipienB@mail.com, SubjectB, Body-Text AAA
1, 2, 3, 4, 5
Frank Hinkel, frank.hinkel@innoq.com, recipient@mail.com, Subject1, Body-Text Text Text Text
SenderB, sender@adress.com, recipienB@mail.com, SubjectB, Body-Text BBBBBBBBB
SenderA, sender@adress.com, recipienB@mail.com, SubjectB, Body-Text AAA
1, 2, 3, 4, 5
Frank Hinkel, frank.hinkel@innoq.com, recipient@mail.com, Subject1, Body-Text Text Text Text
SenderB, sender@adress.com, recipienB@mail.com, SubjectB, Body-Text BBBBBBBBB
SenderA, sender@adress.com, recipienB@mail.com, SubjectB, Body-Text AAA
1, 2, 3, 4, 5
